{
  "orientation": "Vertical",
  "nodeLayouts": {
    "inputs": {
      "x": 582.5,
      "y": 42,
      "index": -1
    },
    "outputs": {
      "x": 590,
      "y": 712,
      "index": -1
    },
    "question_embedding": {
      "x": 159.166748046875,
      "y": 146,
      "height": 75,
      "index": 0
    },
    "customer_lookup": {
      "x": 724.1666259765625,
      "y": 195.83334350585938,
      "height": 75,
      "index": 1
    },
    "retrieve_support_documentation": {
      "x": 147.50006103515625,
      "y": 257.5,
      "height": 75,
      "index": 2
    },
    "customer_prompt": {
      "x": 140,
      "y": 444,
      "index": 3
    },
    "llm_call": {
      "x": 160,
      "y": 578,
      "index": 4
    },
    "context": {
      "x": 758.3333740234375,
      "y": 406.5,
      "index": 5
    }
  },
  "viewport": {
    "transformMatrix": [
      1,
      0,
      0,
      1,
      -1.752685546875,
      -106.1666488647461
    ]
  }
}