{
  "nodeLayouts": {
    "inputs": {
      "x": 428.80341652977705,
      "y": 110.87254451925297,
      "index": -1
    },
    "outputs": {
      "x": 457.5516708120318,
      "y": 827.4965085645113,
      "index": -1
    },
    "question_embedding": {
      "x": 148.43752868976213,
      "y": 330.8522482897987,
      "index": 0
    },
    "customer_lookup": {
      "x": 590.3186387018676,
      "y": 226.42454152302452,
      "index": 1
    },
    "retrieve_support_documentation": {
      "x": 148.25807620524378,
      "y": 441.4847778279093,
      "index": 2
    },
    "customer_prompt": {
      "x": 591.3611399743905,
      "y": 528.7498369041305,
      "index": 3
    },
    "llm_call": {
      "x": 483.31230821436833,
      "y": 681.197839900359,
      "index": 4
    },
    "context": {
      "x": 153.3465218489549,
      "y": 617.3002512860272,
      "index": 5
    },
    "rewrite_query": {
      "x": 151.77613742934406,
      "y": 228.82878681659474,
      "index": 6
    }
  },
  "orientation": "Vertical"
}